1,Irene,Mason,imason0@dagondesign.com,Female,82809.99
2,Wayne,Mason,wmason1@ebay.com,Male,138530.08
3,Tina,Powell,tpowell2@elegantthemes.com,Female,149397.84
4,Albert,Watson,awatson3@oracle.com,Male,73878.46
5,George,Kelly,gkelly4@umn.edu,Male,137726.04
6,Anthony,Alvarez,aalvarez5@de.vu,Male,89931.58
7,John,King,jking6@ifeng.com,Male,149955.79
8,Earl,Duncan,eduncan7@stumbleupon.com,Male,125664.83
9,Benjamin,West,bwest8@cocolog-nifty.com,Male,141259.23
10,Stephanie,Armstrong,sarmstrong9@cbc.ca,Female,150284.66
11,Betty,Reed,breeda@wikipedia.org,Female,84939.87
12,Lawrence,Gutierrez,lgutierrezb@macromedia.com,Male,175811.19
13,Willie,Rivera,wriverac@comcast.net,Male,104799.40
14,Jason,Peterson,jpetersond@dmoz.org,Male,154030.64
15,Juan,Gonzalez,jgonzaleze@utexas.edu,Male,111606.08
16,Martin,Gonzales,mgonzalesf@slideshare.net,Male,75692.72
17,Paul,Dixon,pdixong@jugem.jp,Male,73654.82
18,Bruce,Stevens,bstevensh@miibeian.gov.cn,Male,168347.34
19,Cynthia,Harvey,charveyi@bbc.co.uk,Female,154030.28
20,Anthony,Parker,aparkerj@alexa.com,Male,73270.20
21,Todd,Garcia,tgarciak@4shared.com,Male,100725.17
22,Jimmy,James,jjamesl@etsy.com,Male,133369.26
23,Irene,Burns,iburnsm@wisc.edu,Female,101104.71
24,Andrew,Burns,aburnsn@dion.ne.jp,Male,166009.31
25,Denise,Murray,dmurrayo@cpanel.net,Female,117161.91
26,Willie,Evans,wevansp@salon.com,Male,110129.93
27,Gerald,Romero,gromeroq@nih.gov,Male,129565.15
28,Jessica,Porter,jporterr@addtoany.com,Female,116466.47
29,John,Flores,jfloress@yahoo.co.jp,Male,101271.58
30,Jerry,Johnson,jjohnsont@biblegateway.com,Male,64353.57
31,Margaret,Moreno,mmorenou@eventbrite.com,Female,174357.46
32,Jack,Richards,jrichardsv@uol.com.br,Male,167475.35
33,William,George,wgeorgew@naver.com,Male,98011.58
34,Martin,Foster,mfosterx@ezinearticles.com,Male,149000.44
35,Jesse,Bradley,jbradleyy@flickr.com,Male,151431.81
36,Billy,Perkins,bperkinsz@ihg.com,Male,64781.58
37,Anne,Williams,awilliams10@cloudflare.com,Female,110021.97
38,Christine,Alexander,calexander11@webnode.com,Female,117881.29
39,Sara,Gonzales,sgonzales12@seattletimes.com,Female,134015.06
40,Harry,Gardner,hgardner13@opensource.org,Male,92792.37
41,Ann,Willis,awillis14@chicagotribune.com,Female,174730.84
42,Gloria,Griffin,ggriffin15@hostgator.com,Female,68129.96
43,Kathryn,Kelly,kkelly16@army.mil,Female,89024.79
44,Ernest,Jackson,ejackson17@ftc.gov,Male,82571.55
45,Aaron,Sullivan,asullivan18@sina.com.cn,Male,63557.63
46,Todd,Gordon,tgordon19@hugedomains.com,Male,152683.70
47,Elizabeth,Patterson,epatterson1a@china.com.cn,Female,69115.64
48,Anthony,Dunn,adunn1b@lycos.com,Male,175476.90
49,Michael,Elliott,melliott1c@blogspot.com,Male,140269.82
50,Nicole,Fernandez,nfernandez1d@blogtalkradio.com,Female,130968.26
51,Joan,Carpenter,jcarpenter1e@addtoany.com,Female,128028.89
52,Matthew,Bailey,mbailey1f@reverbnation.com,Male,164119.78
53,Joe,Jordan,jjordan1g@wisc.edu,Male,76255.53
54,Steve,Howard,showard1h@bbb.org,Male,88870.41
55,Carlos,Hansen,chansen1i@godaddy.com,Male,139911.66
56,Jimmy,Elliott,jelliott1j@ow.ly,Male,122064.07
57,George,Reynolds,greynolds1k@reddit.com,Male,137392.45
58,Wanda,Kelley,wkelley1l@bing.com,Female,171609.66
59,Alice,Hart,ahart1m@creativecommons.org,Female,176993.93
60,Phyllis,Warren,pwarren1n@drupal.org,Female,96256.26
61,Christine,Shaw,cshaw1o@ning.com,Female,174784.60
62,Maria,Parker,mparker1p@bbb.org,Female,98683.91
63,Norma,Peterson,npeterson1q@google.it,Female,72824.12
64,Albert,Cruz,acruz1r@java.com,Male,86583.02
65,Judy,Meyer,jmeyer1s@sakura.ne.jp,Female,128441.43
66,Rose,Black,rblack1t@businessinsider.com,Female,134806.29
67,Joe,Garcia,jgarcia1u@photobucket.com,Male,126834.89
68,Andrea,Parker,aparker1v@umich.edu,Female,65614.18
69,Fred,Thomas,fthomas1w@netscape.com,Male,159551.72
70,Julie,James,jjames1x@fotki.com,Female,108861.12
71,Jeremy,Sanchez,jsanchez1y@ucoz.com,Male,95537.80
72,Debra,Reyes,dreyes1z@discuz.net,Female,142205.56
73,Lori,Burton,lburton20@auda.org.au,Female,84124.13
74,Ruth,Hunter,rhunter21@blinklist.com,Female,149855.48
75,Ashley,Greene,agreene22@alexa.com,Female,161474.01
76,Patrick,Day,pday23@loc.gov,Male,109046.45
77,Raymond,Garcia,rgarcia24@sfgate.com,Male,150300.47
78,Virginia,Lane,vlane25@forbes.com,Female,151883.05
79,Kelly,Gibson,kgibson26@merriam-webster.com,Female,141123.38
80,Lois,Burke,lburke27@usatoday.com,Female,71194.16
81,Nancy,Stanley,nstanley28@macromedia.com,Female,113483.34
82,Louis,Romero,lromero29@amazon.com,Male,84444.64
83,Willie,Hughes,whughes2a@sbwire.com,Male,109942.46
84,Betty,Johnson,bjohnson2b@miitbeian.gov.cn,Female,72916.56
85,Kathleen,Franklin,kfranklin2c@yolasite.com,Female,160670.84
86,Jason,Lopez,jlopez2d@phpbb.com,Male,64790.65
87,Kathy,Watkins,kwatkins2e@nps.gov,Female,65219.73
88,Kathryn,Rose,krose2f@vistaprint.com,Female,133235.70
89,Laura,West,lwest2g@freewebs.com,Female,97111.77
90,Raymond,Campbell,rcampbell2h@engadget.com,Male,100181.63
91,Todd,Carter,tcarter2i@etsy.com,Male,177446.98
92,Diana,George,dgeorge2j@last.fm,Female,159727.26
93,Kathleen,Bowman,kbowman2k@blogspot.com,Female,86878.24
94,Annie,Stone,astone2l@wufoo.com,Female,137035.38
95,Clarence,Ray,cray2m@pen.io,Male,71535.59
96,Martha,Harper,mharper2n@house.gov,Female,168087.22
97,Ruth,West,rwest2o@craigslist.org,Female,109312.19
98,Tina,Henderson,thenderson2p@wufoo.com,Female,76430.09
99,Sara,Morgan,smorgan2q@ed.gov,Female,95441.31
100,Patricia,Fernandez,pfernandez2r@mtv.com,Female,114567.84
101,Jimmy,Allen,jallen2s@about.com,Male,80766.59
102,Carolyn,Hicks,chicks2t@bluehost.com,Female,134513.18
103,Norma,Ward,nward2u@phoca.cz,Female,171635.61
104,Donald,Mccoy,dmccoy2v@rediff.com,Male,110273.64
105,Susan,Mendoza,smendoza2w@reference.com,Female,148444.83
106,Anthony,Fox,afox2x@prweb.com,Male,136241.50
107,Jack,Taylor,jtaylor2y@youku.com,Male,86764.71
108,Carol,Kennedy,ckennedy2z@reuters.com,Female,145221.22
109,Billy,Fields,bfields30@barnesandnoble.com,Male,135521.18
110,Betty,Baker,bbaker31@newyorker.com,Female,116868.04
111,Steve,Jenkins,sjenkins32@twitter.com,Male,149647.75
112,Roy,Walker,rwalker33@vinaora.com,Male,176581.70
113,Amy,Knight,aknight34@ovh.net,Female,145793.90
114,Donna,Mills,dmills35@hexun.com,Female,116929.09
115,Ryan,Hudson,rhudson36@printfriendly.com,Male,113180.63
116,Rachel,Mitchell,rmitchell37@mysql.com,Female,83979.64
117,Andrew,Fisher,afisher38@istockphoto.com,Male,126909.30
118,Susan,Ramos,sramos39@ask.com,Female,86635.03
119,Clarence,Wilson,cwilson3a@chicagotribune.com,Male,136097.69
120,Virginia,Fields,vfields3b@weather.com,Female,87969.10
121,Anna,Gordon,agordon3c@washington.edu,Female,88426.71
122,Joshua,Cox,jcox3d@scribd.com,Male,131059.72
123,Karen,Sanders,ksanders3e@slideshare.net,Female,177944.05
124,Jonathan,Fernandez,jfernandez3f@unesco.org,Male,85072.29
125,Douglas,Carr,dcarr3g@vimeo.com,Male,61231.66
126,Julia,Nichols,jnichols3h@reference.com,Female,114603.83
127,Barbara,Snyder,bsnyder3i@stumbleupon.com,Female,66127.78
128,Katherine,Bishop,kbishop3j@wiley.com,Female,63448.42
129,Patricia,Day,pday3k@vimeo.com,Female,125449.70
130,Rachel,Robertson,rrobertson3l@chicagotribune.com,Female,84613.67
131,Paul,Fields,pfields3m@facebook.com,Male,147076.11
132,Patricia,Morrison,pmorrison3n@ebay.com,Female,141552.81
133,Marie,Bell,mbell3o@wunderground.com,Female,132260.61
134,Mark,Evans,mevans3p@yahoo.com,Male,132083.71
135,Harry,Flores,hflores3q@sina.com.cn,Male,114202.14
136,Gary,Peterson,gpeterson3r@scientificamerican.com,Male,130156.31
137,Sara,Reyes,sreyes3s@hc360.com,Female,108321.48
138,Bruce,Lawrence,blawrence3t@com.com,Male,102766.25
139,Brenda,Gonzalez,bgonzalez3u@topsy.com,Female,156966.18
140,Julie,Gardner,jgardner3v@cbsnews.com,Female,149134.69
141,Robert,Vasquez,rvasquez3w@scientificamerican.com,Male,173970.37
142,Louise,Brown,lbrown3x@yellowpages.com,Female,147212.26
143,Antonio,Evans,aevans3y@dion.ne.jp,Male,111427.48
144,Aaron,Cole,acole3z@home.pl,Male,175705.61
145,Robin,Anderson,randerson40@mapquest.com,Female,98439.45
146,Louise,Jones,ljones41@house.gov,Female,149792.82
147,Donna,Rose,drose42@domainmarket.com,Female,104761.99
148,Susan,James,sjames43@cyberchimps.com,Female,140596.23
149,Shirley,Patterson,spatterson44@usa.gov,Female,178743.85
150,Stephen,Duncan,sduncan45@dagondesign.com,Male,62728.67
151,Jean,Boyd,jboyd46@aboutads.info,Female,125686.98
152,Andrew,Brooks,abrooks47@tripadvisor.com,Male,71261.83
153,Kathy,Lane,klane48@skype.com,Female,108525.22
154,Diane,Crawford,dcrawford49@fastcompany.com,Female,60440.10
155,Ralph,Bishop,rbishop4a@ehow.com,Male,66806.68
156,James,Chapman,jchapman4b@tinyurl.com,Male,79166.10
157,Harry,Lewis,hlewis4c@ft.com,Male,162694.92
158,Jeffrey,Sullivan,jsullivan4d@newsvine.com,Male,159606.18
159,Anna,Lynch,alynch4e@nature.com,Female,147770.38
160,Amanda,Tucker,atucker4f@discuz.net,Female,147256.47
161,Paula,Henderson,phenderson4g@posterous.com,Female,148446.51
162,Ruby,Frazier,rfrazier4h@mtv.com,Female,98530.38
163,Jean,Armstrong,jarmstrong4i@adobe.com,Female,123531.86
164,Sharon,Walker,swalker4j@narod.ru,Female,115204.21
165,Stephanie,Gilbert,sgilbert4k@amazonaws.com,Female,100084.81
166,Kelly,Howell,khowell4l@stumbleupon.com,Female,145987.19
167,Ashley,Martinez,amartinez4m@smh.com.au,Female,160482.02
168,Frank,Watkins,fwatkins4n@freewebs.com,Male,61915.49
169,Amanda,Bennett,abennett4o@cam.ac.uk,Female,74886.26
170,Kelly,Burns,kburns4p@ebay.co.uk,Female,65605.78
171,Donna,Hart,dhart4q@loc.gov,Female,133195.21
172,Beverly,Flores,bflores4r@geocities.com,Female,114891.56
173,Randy,Martin,rmartin4s@ted.com,Male,104737.87
174,Melissa,Miller,mmiller4t@columbia.edu,Female,129631.99
175,Deborah,Ferguson,dferguson4u@smugmug.com,Female,135746.11
176,Juan,Coleman,jcoleman4v@mail.ru,Male,101329.58
177,Charles,Ross,cross4w@statcounter.com,Male,126674.82
178,Patricia,Bowman,pbowman4x@meetup.com,Female,111313.35
179,Julia,Mccoy,jmccoy4y@godaddy.com,Female,171813.97
180,Steven,Nguyen,snguyen4z@si.edu,Male,163657.19
181,Carolyn,Lee,clee50@cam.ac.uk,Female,77304.28
182,Brandon,Fox,bfox51@gov.uk,Male,119549.96
183,Rachel,Wallace,rwallace52@ucla.edu,Female,116319.25
184,Carlos,Carter,ccarter53@mail.ru,Male,66289.07
185,Ronald,Johnston,rjohnston54@360.cn,Male,132494.99
186,Paul,Vasquez,pvasquez55@printfriendly.com,Male,81428.31
187,Mildred,James,mjames56@mlb.com,Female,137202.72
188,Louis,Turner,lturner57@cam.ac.uk,Male,82414.34
189,Karen,Bennett,kbennett58@infoseek.co.jp,Female,77381.48
190,Anthony,Reyes,areyes59@yahoo.co.jp,Male,146760.99
191,Judith,Bailey,jbailey5a@unesco.org,Female,147683.08
192,Jessica,Berry,jberry5b@abc.net.au,Female,91441.58
193,Patricia,Wilson,pwilson5c@youku.com,Female,168879.68
194,Carol,Gray,cgray5d@typepad.com,Female,61896.60
195,Richard,White,rwhite5e@hexun.com,Male,166642.47
196,Sara,Gardner,sgardner5f@arizona.edu,Female,83304.02
197,Juan,Stephens,jstephens5g@storify.com,Male,139720.75
198,Gerald,Banks,gbanks5h@drupal.org,Male,165603.60
199,Patrick,Fields,pfields5i@homestead.com,Male,63204.77
200,Karen,Henry,khenry5j@independent.co.uk,Female,93392.22
201,Antonio,Phillips,aphillips5k@statcounter.com,Male,76603.19
202,Helen,Schmidt,hschmidt5l@clickbank.net,Female,115754.18
203,Karen,Franklin,kfranklin5m@artisteer.com,Female,150405.98
204,Charles,Fowler,cfowler5n@merriam-webster.com,Male,171533.23
205,Gary,Stone,gstone5o@mail.ru,Male,111612.35
206,Jane,Davis,jdavis5p@bbc.co.uk,Female,168810.18
207,Wanda,Carr,wcarr5q@shutterfly.com,Female,112007.78
208,Tina,Flores,tflores5r@sourceforge.net,Female,126147.30
209,Rose,Cole,rcole5s@slashdot.org,Female,65532.48
210,Harry,Roberts,hroberts5t@huffingtonpost.com,Male,79123.10
211,Ann,Freeman,afreeman5u@qq.com,Female,148085.45
212,Catherine,Patterson,cpatterson5v@dmoz.org,Female,123759.55
213,Karen,Brown,kbrown5w@jimdo.com,Female,105788.39
214,Louis,Jenkins,ljenkins5x@1688.com,Male,132510.05
215,Bobby,Howard,bhoward5y@lycos.com,Male,117773.87
216,Wanda,Jones,wjones5z@dailymail.co.uk,Female,69878.44
217,Christine,Hughes,chughes60@freewebs.com,Female,71994.14
218,Ann,Perkins,aperkins61@squidoo.com,Female,95584.97
219,Ruth,Collins,rcollins62@icio.us,Female,81759.01
220,George,Thomas,gthomas63@imdb.com,Male,160914.36
221,Jessica,Cook,jcook64@utexas.edu,Female,79442.68
222,Janice,Martin,jmartin65@mashable.com,Female,128224.64
223,Russell,Bailey,rbailey66@census.gov,Male,173074.84
224,Randy,Williamson,rwilliamson67@exblog.jp,Male,76592.95
225,Brenda,Adams,badams68@yellowpages.com,Female,107874.65
226,Alice,Johnston,ajohnston69@google.nl,Female,70044.37
227,Alan,Johnson,ajohnson6a@webeden.co.uk,Male,176690.13
228,Rachel,Castillo,rcastillo6b@mediafire.com,Female,114427.29
229,Marie,Romero,mromero6c@naver.com,Female,171522.07
230,Ruth,Ford,rford6d@opensource.org,Female,73951.02
231,Adam,Ross,aross6e@sfgate.com,Male,103404.39
232,Michelle,Dunn,mdunn6f@gmpg.org,Female,94135.86
233,Catherine,Adams,cadams6g@miitbeian.gov.cn,Female,117437.87
234,George,Lawrence,glawrence6h@com.com,Male,105050.47
235,Norma,Richardson,nrichardson6i@accuweather.com,Female,152637.45
236,Stephen,Hansen,shansen6j@netlog.com,Male,109004.30
237,Sarah,Jacobs,sjacobs6k@harvard.edu,Female,129841.05
238,Roger,Hayes,rhayes6l@bing.com,Male,146579.07
239,Rachel,Romero,rromero6m@boston.com,Female,107109.59
240,Martha,Woods,mwoods6n@statcounter.com,Female,118789.25
241,Joan,Cole,jcole6o@earthlink.net,Female,138597.10
242,Kathryn,Fox,kfox6p@oakley.com,Female,62728.70
243,Evelyn,Fox,efox6q@dmoz.org,Female,137341.86
244,Tammy,Brooks,tbrooks6r@macromedia.com,Female,72734.81
245,Donald,Meyer,dmeyer6s@360.cn,Male,159793.35
246,Robert,Greene,rgreene6t@uiuc.edu,Male,120043.45
247,Juan,Dixon,jdixon6u@technorati.com,Male,106617.31
248,Amy,Kennedy,akennedy6v@dedecms.com,Female,143175.92
249,Steve,Morgan,smorgan6w@japanpost.jp,Male,177698.67
250,Frank,Martinez,fmartinez6x@vimeo.com,Male,124477.57
251,Gregory,Campbell,gcampbell6y@youku.com,Male,174331.56
252,Eric,Fowler,efowler6z@youku.com,Male,169913.00
253,Jerry,Simpson,jsimpson70@slate.com,Male,75646.35
254,Jeffrey,Howard,jhoward71@issuu.com,Male,117215.95
255,Kenneth,Jacobs,kjacobs72@seesaa.net,Male,126195.83
256,Mildred,Lawrence,mlawrence73@wired.com,Female,165898.17
257,Jessica,Wheeler,jwheeler74@skype.com,Female,127745.48
258,Amy,Nichols,anichols75@printfriendly.com,Female,149271.38
259,Ruth,Anderson,randerson76@nasa.gov,Female,137684.32
260,Patrick,Butler,pbutler77@chronoengine.com,Male,97927.92
261,Margaret,Carr,mcarr78@tmall.com,Female,175485.26
262,Melissa,Sanders,msanders79@japanpost.jp,Female,78552.77
263,Martha,Flores,mflores7a@bloomberg.com,Female,137079.59
264,Anne,Weaver,aweaver7b@nature.com,Female,97939.15
265,Billy,Hamilton,bhamilton7c@technorati.com,Male,159669.68
266,Virginia,Watkins,vwatkins7d@noaa.gov,Female,75049.59
267,Philip,Burns,pburns7e@va.gov,Male,104590.06
268,Brandon,Nelson,bnelson7f@umich.edu,Male,92040.71
269,Louise,Andrews,landrews7g@unesco.org,Female,161433.06
270,Thomas,Warren,twarren7h@salon.com,Male,162609.99
271,Kelly,Cooper,kcooper7i@printfriendly.com,Female,62820.35
272,Catherine,Harvey,charvey7j@yellowbook.com,Female,169526.21
273,Rachel,Lewis,rlewis7k@etsy.com,Female,150558.52
274,Joe,Ramirez,jramirez7l@ocn.ne.jp,Male,72781.37
275,Anne,Taylor,ataylor7m@ebay.com,Female,172873.87
276,Stephanie,Greene,sgreene7n@phoca.cz,Female,119775.55
277,Rose,Coleman,rcoleman7o@gizmodo.com,Female,169379.83
278,Joe,Elliott,jelliott7p@ehow.com,Male,63940.75
279,Margaret,Franklin,mfranklin7q@usatoday.com,Female,95843.15
280,Catherine,Robertson,crobertson7r@tinypic.com,Female,149672.02
281,Wayne,Flores,wflores7s@mlb.com,Male,174288.51
282,Donald,Howell,dhowell7t@globo.com,Male,147792.03
283,Brandon,Foster,bfoster7u@usda.gov,Male,141240.13
284,Christina,Gonzales,cgonzales7v@wp.com,Female,113998.97
285,Doris,Mitchell,dmitchell7w@ameblo.jp,Female,97625.64
286,Kathy,Fernandez,kfernandez7x@google.com.hk,Female,169302.61
287,Lillian,Brown,lbrown7y@ameblo.jp,Female,112776.53
288,Julia,Myers,jmyers7z@example.com,Female,130793.38
289,Nicholas,Mendoza,nmendoza80@1688.com,Male,80557.73
290,Mildred,Stanley,mstanley81@dot.gov,Female,77019.67
291,Daniel,Rivera,drivera82@spiegel.de,Male,62675.31
292,Nicholas,Ford,nford83@chicagotribune.com,Male,177788.34
293,Michelle,Price,mprice84@techcrunch.com,Female,60965.88
294,Janet,Mason,jmason85@ox.ac.uk,Female,135580.30
295,Willie,Cunningham,wcunningham86@twitpic.com,Male,172652.71
296,Peter,Hill,phill87@state.tx.us,Male,112162.42
297,Lori,Ruiz,lruiz88@psu.edu,Female,63359.52
298,Jesse,Phillips,jphillips89@harvard.edu,Male,111365.30
299,Ronald,Romero,rromero8a@lycos.com,Male,115753.96
300,Scott,Arnold,sarnold8b@upenn.edu,Male,158107.65
301,Juan,Carr,jcarr8c@utexas.edu,Male,152141.19
302,Frances,Patterson,fpatterson8d@baidu.com,Female,146639.59
303,Barbara,Wright,bwright8e@mayoclinic.com,Female,147542.55
304,Lois,Snyder,lsnyder8f@addthis.com,Female,141957.49
305,Juan,Berry,jberry8g@howstuffworks.com,Male,68161.75
306,Susan,Daniels,sdaniels8h@freewebs.com,Female,84279.65
307,Antonio,Kelly,akelly8i@storify.com,Male,83109.09
308,Joyce,Sims,jsims8j@example.com,Female,125608.62
309,Karen,Lane,klane8k@macromedia.com,Female,124939.71
310,Mary,Riley,mriley8l@spiegel.de,Female,150620.35
311,Teresa,Long,tlong8m@hhs.gov,Female,113953.50
312,Adam,Duncan,aduncan8n@mapy.cz,Male,178547.08
313,Douglas,Perry,dperry8o@dedecms.com,Male,136305.77
314,Raymond,Brooks,rbrooks8p@constantcontact.com,Male,109877.89
315,Irene,Hunt,ihunt8q@paypal.com,Female,81598.41
316,Justin,Wood,jwood8r@dropbox.com,Male,138484.51
317,Pamela,Marshall,pmarshall8s@miitbeian.gov.cn,Female,91300.30
318,Scott,Welch,swelch8t@wp.com,Male,121605.27
319,Robin,Moreno,rmoreno8u@hud.gov,Female,170985.18
320,Marilyn,Stewart,mstewart8v@mac.com,Female,121890.71
321,Peter,Collins,pcollins8w@mail.ru,Male,110232.24
322,Willie,Washington,wwashington8x@feedburner.com,Male,116901.64
323,Justin,Ford,jford8y@xing.com,Male,69981.83
324,Brian,Richards,brichards8z@purevolume.com,Male,114406.74
325,Billy,Garrett,bgarrett90@a8.net,Male,74878.58
326,Jacqueline,Alvarez,jalvarez91@howstuffworks.com,Female,85171.21
327,Louise,Dean,ldean92@accuweather.com,Female,135378.88
328,Julia,Watson,jwatson93@icio.us,Female,164748.63
329,Christopher,Pierce,cpierce94@reuters.com,Male,175144.58
330,Jimmy,Burton,jburton95@weebly.com,Male,174122.37
331,Amanda,Long,along96@cbslocal.com,Female,158356.74
332,Russell,Romero,rromero97@live.com,Male,141581.93
333,Thomas,Gutierrez,tgutierrez98@vinaora.com,Male,99548.47
334,Linda,Gordon,lgordon99@nyu.edu,Female,74251.04
335,Irene,Castillo,icastillo9a@nyu.edu,Female,167920.80
336,Russell,Jacobs,rjacobs9b@vkontakte.ru,Male,107784.40
337,Terry,Welch,twelch9c@walmart.com,Male,140567.42
338,Walter,Reid,wreid9d@va.gov,Male,179999.35
339,Jessica,Vasquez,jvasquez9e@rambler.ru,Female,82027.61
340,Edward,Warren,ewarren9f@reuters.com,Male,61790.30
341,Shirley,Ramos,sramos9g@pbs.org,Female,150945.54
342,Ruby,Thompson,rthompson9h@wikia.com,Female,143176.85
343,Earl,Alexander,ealexander9i@guardian.co.uk,Male,68257.24
344,Albert,Elliott,aelliott9j@themeforest.net,Male,160164.00
345,Lisa,Hunter,lhunter9k@squarespace.com,Female,143417.06
346,Christopher,Powell,cpowell9l@tinypic.com,Male,162038.28
347,Dorothy,Wilson,dwilson9m@nasa.gov,Female,160732.27
348,Tammy,Black,tblack9n@xrea.com,Female,145515.51
349,Carl,Berry,cberry9o@pcworld.com,Male,160566.57
350,Karen,Brooks,kbrooks9p@goodreads.com,Female,72018.83
351,Jeremy,Cunningham,jcunningham9q@cisco.com,Male,151428.05
352,Joyce,Harvey,jharvey9r@oakley.com,Female,91011.99
353,Jose,Thompson,jthompson9s@vimeo.com,Male,95059.26
354,Harold,Stone,hstone9t@newsvine.com,Male,99327.53
355,Judith,Henderson,jhenderson9u@yolasite.com,Female,90311.98
356,Sean,Gordon,sgordon9v@amazon.co.jp,Male,72472.42
357,Ernest,Wheeler,ewheeler9w@lycos.com,Male,115169.50
358,James,Bailey,jbailey9x@bing.com,Male,128795.44
359,Kenneth,Foster,kfoster9y@scientificamerican.com,Male,177560.68
360,William,Watkins,wwatkins9z@topsy.com,Male,159362.21
361,Joseph,Perkins,jperkinsa0@unblog.fr,Male,91591.03
362,Maria,Foster,mfostera1@webnode.com,Female,84190.45
363,Jerry,Hunt,jhunta2@buzzfeed.com,Male,101126.39
364,Lisa,Grant,lgranta3@europa.eu,Female,159438.07
365,Adam,Gardner,agardnera4@bandcamp.com,Male,138141.04
366,Jeffrey,Gomez,jgomeza5@nhs.uk,Male,113350.25
367,Antonio,West,awesta6@imgur.com,Male,74023.94
368,Jack,Armstrong,jarmstronga7@shareasale.com,Male,154006.96
369,Jesse,Kelly,jkellya8@spiegel.de,Male,131431.27
370,George,Snyder,gsnydera9@ihg.com,Male,112878.67
371,Kelly,Webb,kwebbaa@ihg.com,Female,63151.43
372,Diane,Lane,dlaneab@bloomberg.com,Female,63685.84
373,Mark,Sanders,msandersac@uiuc.edu,Male,93903.85
374,Kevin,Medina,kmedinaad@china.com.cn,Male,60864.85
375,Arthur,Reynolds,areynoldsae@yale.edu,Male,82854.57
376,Jonathan,Fisher,jfisheraf@quantcast.com,Male,157858.63
377,Doris,Gonzalez,dgonzalezag@phoca.cz,Female,167057.14
378,Gloria,Martinez,gmartinezah@vistaprint.com,Female,74160.17
379,Christopher,Nelson,cnelsonai@facebook.com,Male,62324.15
380,Todd,Brown,tbrownaj@state.tx.us,Male,149321.57
381,Gregory,Spencer,gspencerak@devhub.com,Male,98774.13
382,Earl,Wagner,ewagneral@odnoklassniki.ru,Male,144590.13
383,Susan,Moore,smooream@google.ca,Female,96738.42
384,Jonathan,Stewart,jstewartan@state.gov,Male,138728.12
385,Anna,Ward,awardao@loc.gov,Female,92779.57
386,David,Cole,dcoleap@hubpages.com,Male,118627.85
387,Kimberly,Porter,kporteraq@ning.com,Female,179598.98
388,Marilyn,Scott,mscottar@wiley.com,Female,154911.31
389,Angela,Brooks,abrooksas@alibaba.com,Female,76709.22
390,Wanda,Roberts,wrobertsat@gnu.org,Female,88283.70
391,Earl,Andrews,eandrewsau@walmart.com,Male,122691.81
392,Timothy,Wheeler,twheelerav@edublogs.org,Male,91782.53
393,George,Kelly,gkellyaw@noaa.gov,Male,69572.97
394,Albert,Sanchez,asanchezax@livejournal.com,Male,97369.52
395,Steven,Nelson,snelsonay@google.fr,Male,139628.67
396,Marie,Johnston,mjohnstonaz@sphinn.com,Female,71241.60
397,Kathryn,Fisher,kfisherb0@webnode.com,Female,147883.49
398,Debra,Diaz,ddiazb1@list-manage.com,Female,87640.44
399,Janice,Burton,jburtonb2@newyorker.com,Female,151885.80
400,Denise,Ford,dfordb3@facebook.com,Female,108824.40
401,Phyllis,Clark,pclarkb4@cocolog-nifty.com,Female,72441.50
402,Roger,Morris,rmorrisb5@slate.com,Male,73092.84
403,Susan,Williamson,swilliamsonb6@free.fr,Female,157687.46
404,Emily,Larson,elarsonb7@howstuffworks.com,Female,142619.88
405,Catherine,Morales,cmoralesb8@liveinternet.ru,Female,122751.04
406,Sarah,Hudson,shudsonb9@stumbleupon.com,Female,88069.56
407,Ashley,Nichols,anicholsba@psu.edu,Female,101836.28
408,Rachel,Martinez,rmartinezbb@prweb.com,Female,63189.37
409,Matthew,Garrett,mgarrettbc@digg.com,Male,145579.25
410,Denise,Henry,dhenrybd@mapquest.com,Female,163728.58
411,Louise,Hughes,lhughesbe@purevolume.com,Female,121747.98
412,Roy,Campbell,rcampbellbf@businessinsider.com,Male,106114.28
413,Walter,Lawson,wlawsonbg@ehow.com,Male,145604.64
414,Andrea,Romero,aromerobh@behance.net,Female,135009.97
415,Earl,Mitchell,emitchellbi@goo.ne.jp,Male,169603.14
416,Sarah,Simmons,ssimmonsbj@oaic.gov.au,Female,60057.77
417,Carl,Carpenter,ccarpenterbk@mozilla.com,Male,111116.88
418,Sharon,Carpenter,scarpenterbl@ezinearticles.com,Female,148992.93
419,Russell,Grant,rgrantbm@google.com,Male,172614.99
420,Maria,Rose,mrosebn@bing.com,Female,67673.99
421,Ryan,Cook,rcookbo@engadget.com,Male,86382.68
422,Beverly,Gibson,bgibsonbp@typepad.com,Female,121720.49
423,Philip,Lynch,plynchbq@nature.com,Male,112265.77
424,Norma,Garrett,ngarrettbr@nhs.uk,Female,167457.96
425,Robert,Ray,rraybs@odnoklassniki.ru,Male,101663.65
426,Phyllis,Ruiz,pruizbt@google.co.jp,Female,142283.99
427,Melissa,Peters,mpetersbu@hud.gov,Female,113015.84
428,Debra,Garcia,dgarciabv@si.edu,Female,89301.52
429,Betty,Bailey,bbaileybw@tinypic.com,Female,149045.76
430,Patricia,Gutierrez,pgutierrezbx@buzzfeed.com,Female,110173.78
431,Tina,Dean,tdeanby@elpais.com,Female,102443.62
432,Daniel,Dean,ddeanbz@instagram.com,Male,97056.15
433,Katherine,Murphy,kmurphyc0@blinklist.com,Female,73467.64
434,Carlos,Richards,crichardsc1@dropbox.com,Male,142601.63
435,Dennis,Myers,dmyersc2@mayoclinic.com,Male,69826.65
436,Tina,Carpenter,tcarpenterc3@google.com.au,Female,160192.62
437,Cheryl,Myers,cmyersc4@blog.com,Female,123231.57
438,Jessica,Ellis,jellisc5@123-reg.co.uk,Female,79814.44
439,Joyce,Kelley,jkelleyc6@boston.com,Female,69117.78
440,Linda,Jackson,ljacksonc7@example.com,Female,118115.83
441,Angela,Martinez,amartinezc8@sakura.ne.jp,Female,122093.50
442,Theresa,Barnes,tbarnesc9@icq.com,Female,69833.06
443,Adam,Hunt,ahuntca@dot.gov,Male,146442.01
444,Rachel,Murphy,rmurphycb@reuters.com,Female,151934.35
445,Ralph,Nguyen,rnguyencc@topsy.com,Male,168063.20
446,Shirley,Campbell,scampbellcd@timesonline.co.uk,Female,175590.09
447,Christine,Bradley,cbradleyce@sogou.com,Female,177397.35
448,Phyllis,Hunt,phuntcf@thetimes.co.uk,Female,122647.94
449,Gary,Weaver,gweavercg@bravesites.com,Male,126584.79
450,Ryan,Castillo,rcastilloch@parallels.com,Male,97704.54
451,Diane,Chavez,dchavezci@fastcompany.com,Female,104159.66
452,Ernest,Griffin,egriffincj@nydailynews.com,Male,146508.44
453,Emily,Lawson,elawsonck@discuz.net,Female,127026.13
454,Martha,Peters,mpeterscl@adobe.com,Female,131677.41
455,Sharon,Hamilton,shamiltoncm@uol.com.br,Female,122547.72
456,Norma,Andrews,nandrewscn@engadget.com,Female,140625.62
457,Paula,Hamilton,phamiltonco@bravesites.com,Female,65272.26
458,Andrew,Jones,ajonescp@usda.gov,Male,99349.11
459,Eugene,Tucker,etuckercq@ovh.net,Male,146438.48
460,Christopher,Rice,cricecr@eepurl.com,Male,105136.26
461,Tina,Owens,towenscs@icq.com,Female,166166.67
462,Scott,Alvarez,salvarezct@hostgator.com,Male,162408.68
463,Deborah,Rice,dricecu@mediafire.com,Female,107302.92
464,Bobby,Burton,bburtoncv@xrea.com,Male,114620.70
465,Cynthia,Harvey,charveycw@sphinn.com,Female,86240.02
466,Denise,Clark,dclarkcx@nhs.uk,Female,62857.44
467,Wayne,Holmes,wholmescy@craigslist.org,Male,110068.87
468,James,Owens,jowenscz@bravesites.com,Male,97756.52
469,Stephen,Jenkins,sjenkinsd0@ezinearticles.com,Male,100167.37
470,Diana,Baker,dbakerd1@cnn.com,Female,124487.56
471,Earl,Gonzales,egonzalesd2@arizona.edu,Male,124419.35
472,Ashley,Harvey,aharveyd3@weather.com,Female,176220.87
473,Richard,Fuller,rfullerd4@wiley.com,Male,146891.91
474,Carol,Garcia,cgarciad5@theguardian.com,Female,77479.93
475,Julie,Wright,jwrightd6@jiathis.com,Female,160837.80
476,Steve,Price,spriced7@salon.com,Male,114594.71
477,Elizabeth,Watson,ewatsond8@blogspot.com,Female,97484.59
478,Walter,Matthews,wmatthewsd9@pen.io,Male,163730.81
479,Michelle,Gardner,mgardnerda@biglobe.ne.jp,Female,179189.77
480,Andrew,Lawrence,alawrencedb@nps.gov,Male,77518.97
481,Clarence,Howell,chowelldc@amazon.de,Male,172179.50
482,Heather,Peters,hpetersdd@geocities.jp,Female,172717.04
483,Teresa,Lopez,tlopezde@t-online.de,Female,65151.41
484,Sharon,Fuller,sfullerdf@linkedin.com,Female,94654.53
485,Ralph,Lane,rlanedg@i2i.jp,Male,127595.88
486,Thomas,Carter,tcarterdh@newyorker.com,Male,82169.26
487,Betty,Black,bblackdi@ifeng.com,Female,79476.11
488,Douglas,Welch,dwelchdj@mayoclinic.com,Male,157511.28
489,William,Hansen,whansendk@theatlantic.com,Male,62529.80
490,Patrick,Carroll,pcarrolldl@geocities.jp,Male,98815.59
491,George,Arnold,garnolddm@virginia.edu,Male,113704.61
492,Janice,Martinez,jmartinezdn@cbc.ca,Female,136027.36
493,Lillian,Dixon,ldixondo@nsw.gov.au,Female,62277.82
494,Mark,Holmes,mholmesdp@theglobeandmail.com,Male,126298.98
495,Jeremy,Graham,jgrahamdq@unblog.fr,Male,82902.41
496,Irene,Ross,irossdr@arstechnica.com,Female,76266.59
497,Rebecca,Greene,rgreeneds@kickstarter.com,Female,102666.25
498,Samuel,Hicks,shicksdt@washington.edu,Male,77954.47
499,Helen,West,hwestdu@europa.eu,Female,175600.67
500,Thomas,Williams,twilliamsdv@cocolog-nifty.com,Male,126985.47
501,Antonio,Jacobs,ajacobsdw@simplemachines.org,Male,94693.52
502,Edward,Hanson,ehansondx@google.pl,Male,171031.82
503,Sean,Hughes,shughesdy@buzzfeed.com,Male,82305.56
504,Ann,Crawford,acrawforddz@squidoo.com,Female,92186.43
505,Lori,Ford,lforde0@bluehost.com,Female,83032.17
506,Joe,Perry,jperrye1@tripod.com,Male,139474.09
507,Willie,Jones,wjonese2@washingtonpost.com,Male,172516.42
508,Jimmy,Daniels,jdanielse3@t.co,Male,79252.88
509,Charles,Jacobs,cjacobse4@toplist.cz,Male,145285.71
510,Julie,Coleman,jcolemane5@businesswire.com,Female,149833.04
511,Evelyn,Howell,ehowelle6@tuttocitta.it,Female,68952.78
512,Rachel,Frazier,rfraziere7@w3.org,Female,60099.43
513,Edward,Vasquez,evasqueze8@wiley.com,Male,66517.89
514,Norma,Day,ndaye9@boston.com,Female,98864.70
515,Diana,Henry,dhenryea@is.gd,Female,84276.40
516,Alan,Gomez,agomezeb@taobao.com,Male,124725.35
517,Daniel,Hernandez,dhernandezec@sohu.com,Male,128466.80
518,Helen,Sanchez,hsanchezed@rambler.ru,Female,113217.74
519,Nicole,Hawkins,nhawkinsee@bbb.org,Female,123670.76
520,Margaret,Lee,mleeef@yellowpages.com,Female,147495.07
521,Richard,Scott,rscotteg@hhs.gov,Male,141352.12
522,Alice,Porter,aportereh@cnet.com,Female,94799.28
523,Christopher,Montgomery,cmontgomeryei@chicagotribune.com,Male,138069.75
524,Carol,Foster,cfosterej@instagram.com,Female,154587.87
525,Jose,Howard,jhowardek@icq.com,Male,61938.47
526,Debra,Ramirez,dramirezel@noaa.gov,Female,66554.62
527,Brian,Cruz,bcruzem@apache.org,Male,178103.00
528,Arthur,Larson,alarsonen@blogs.com,Male,142198.51
529,Jimmy,Nguyen,jnguyeneo@vimeo.com,Male,72710.32
530,Eric,Hudson,ehudsonep@vimeo.com,Male,159293.89
531,Debra,Hicks,dhickseq@who.int,Female,65714.78
532,Lisa,Mccoy,lmccoyer@tinypic.com,Female,154791.68
533,Jennifer,Castillo,jcastilloes@cbc.ca,Female,65248.19
534,Johnny,Reed,jreedet@godaddy.com,Male,93149.85
535,Joe,Lee,jleeeu@freewebs.com,Male,103951.35
536,Carlos,Mcdonald,cmcdonaldev@geocities.com,Male,71786.97
537,Lawrence,Porter,lporterew@topsy.com,Male,162466.99
538,Mary,Rodriguez,mrodriguezex@miibeian.gov.cn,Female,168173.99
539,Lisa,Alvarez,lalvarezey@tinypic.com,Female,81797.60
540,Frank,Perry,fperryez@jalbum.net,Male,108904.22
541,Nicholas,Mitchell,nmitchellf0@narod.ru,Male,147540.44
542,Jeffrey,Rose,jrosef1@dailymail.co.uk,Male,160129.36
543,Norma,Rose,nrosef2@examiner.com,Female,173514.95
544,Steve,Cook,scookf3@cocolog-nifty.com,Male,72599.35
545,Donald,Ford,dfordf4@princeton.edu,Male,174991.77
546,Louis,Willis,lwillisf5@bandcamp.com,Male,99966.53
547,Eugene,Vasquez,evasquezf6@bing.com,Male,169541.53
548,Anne,Peters,apetersf7@amazon.de,Female,175591.10
549,Mildred,Hamilton,mhamiltonf8@wufoo.com,Female,77766.44
550,Lisa,Harrison,lharrisonf9@printfriendly.com,Female,123261.13
551,Scott,Powell,spowellfa@hatena.ne.jp,Male,99190.50
552,Jimmy,Mitchell,jmitchellfb@unesco.org,Male,128215.17
553,Ernest,Davis,edavisfc@auda.org.au,Male,62899.52
554,Philip,Lewis,plewisfd@networkadvertising.org,Male,129516.61
555,Eric,Russell,erussellfe@biglobe.ne.jp,Male,133538.25
556,Lillian,Anderson,landersonff@redcross.org,Female,76279.88
557,Angela,Gomez,agomezfg@boston.com,Female,154249.39
558,Albert,Gordon,agordonfh@xrea.com,Male,146638.29
559,Teresa,Graham,tgrahamfi@soup.io,Female,70129.60
560,Fred,Stanley,fstanleyfj@godaddy.com,Male,88860.56
561,Jeffrey,Warren,jwarrenfk@amazonaws.com,Male,93123.86
562,Doris,Parker,dparkerfl@harvard.edu,Female,84934.18
563,Henry,Jackson,hjacksonfm@wikipedia.org,Male,92138.87
564,Jennifer,Simpson,jsimpsonfn@istockphoto.com,Female,134223.00
565,Michelle,Gilbert,mgilbertfo@kickstarter.com,Female,124159.12
566,Carl,Wilson,cwilsonfp@reverbnation.com,Male,106151.25
567,Ann,Alvarez,aalvarezfq@weebly.com,Female,94092.07
568,Martha,Porter,mporterfr@sun.com,Female,105269.39
569,Jeffrey,Cunningham,jcunninghamfs@cmu.edu,Male,104513.94
570,Amy,Anderson,aandersonft@msn.com,Female,69061.16
571,Brandon,Bell,bbellfu@samsung.com,Male,103681.71
572,David,Garcia,dgarciafv@hexun.com,Male,80380.45
573,John,Ramirez,jramirezfw@wired.com,Male,164342.61
574,Timothy,Sanders,tsandersfx@plala.or.jp,Male,175734.33
575,Arthur,Franklin,afranklinfy@plala.or.jp,Male,112622.48
576,Annie,Morris,amorrisfz@discuz.net,Female,155132.09
577,Lisa,Jones,ljonesg0@msn.com,Female,145603.57
578,Mary,Crawford,mcrawfordg1@4shared.com,Female,131427.83
579,Nicholas,Flores,nfloresg2@mysql.com,Male,128955.80
580,Billy,Lawson,blawsong3@wisc.edu,Male,178193.91
581,Beverly,Palmer,bpalmerg4@csmonitor.com,Female,91093.64
582,Randy,Hunt,rhuntg5@nbcnews.com,Male,125330.06
583,Alice,Reynolds,areynoldsg6@globo.com,Female,108049.82
584,Wayne,Romero,wromerog7@chicagotribune.com,Male,150731.17
585,Barbara,Ellis,bellisg8@vk.com,Female,88516.20
586,Kathy,Payne,kpayneg9@cmu.edu,Female,86500.83
587,Nicole,Howell,nhowellga@geocities.com,Female,131129.14
588,Steven,Graham,sgrahamgb@house.gov,Male,160675.83
589,Chris,Brooks,cbrooksgc@networkadvertising.org,Male,109621.81
590,Sandra,Castillo,scastillogd@wunderground.com,Female,100588.03
591,Barbara,Wilson,bwilsonge@cyberchimps.com,Female,124013.12
592,Sharon,Myers,smyersgf@wisc.edu,Female,109245.05
593,Helen,Moore,hmooregg@cam.ac.uk,Female,60066.32
594,Julia,Davis,jdavisgh@msn.com,Female,146922.88
595,Walter,Freeman,wfreemangi@yolasite.com,Male,115254.68
596,Mildred,Kelly,mkellygj@123-reg.co.uk,Female,167100.16
597,Ryan,Ramirez,rramirezgk@narod.ru,Male,62255.16
598,Randy,Crawford,rcrawfordgl@ucoz.com,Male,144439.63
599,Lillian,Romero,lromerogm@dmoz.org,Female,178211.58
600,Frank,Russell,frussellgn@harvard.edu,Male,96591.11
601,Julie,Foster,jfostergo@smugmug.com,Female,144423.56
602,Philip,Gomez,pgomezgp@delicious.com,Male,107496.31
603,Lawrence,Collins,lcollinsgq@vistaprint.com,Male,108180.02
604,Jeremy,Ray,jraygr@mapy.cz,Male,144991.67
605,George,Simmons,gsimmonsgs@xing.com,Male,136086.17
606,Lillian,Cox,lcoxgt@vkontakte.ru,Female,162360.84
607,Jeffrey,Collins,jcollinsgu@mediafire.com,Male,60448.20
608,Jeremy,Mills,jmillsgv@flickr.com,Male,146653.13
609,Emily,Hughes,ehughesgw@mit.edu,Female,141492.36
610,Craig,Wagner,cwagnergx@themeforest.net,Male,172428.55
611,Kathryn,Lee,kleegy@aboutads.info,Female,64482.86
612,Russell,Chavez,rchavezgz@wisc.edu,Male,91028.61
613,George,Jenkins,gjenkinsh0@oaic.gov.au,Male,133817.87
614,Barbara,Nguyen,bnguyenh1@histats.com,Female,113961.36
615,Beverly,Hansen,bhansenh2@guardian.co.uk,Female,63113.44
616,Maria,Carter,mcarterh3@utexas.edu,Female,151824.80
617,Samuel,Duncan,sduncanh4@homestead.com,Male,122493.83
618,Jack,Berry,jberryh5@github.com,Male,81973.82
619,Kevin,Andrews,kandrewsh6@slideshare.net,Male,80592.40
620,Theresa,Arnold,tarnoldh7@xing.com,Female,151126.30
621,Beverly,Dean,bdeanh8@google.it,Female,91522.45
622,Sandra,Lynch,slynchh9@altervista.org,Female,66000.21
623,Fred,Morales,fmoralesha@icq.com,Male,167828.74
624,Stephanie,Perez,sperezhb@4shared.com,Female,147406.07
625,Kathryn,Greene,kgreenehc@squarespace.com,Female,89887.45
626,Charles,Rivera,criverahd@reuters.com,Male,110679.18
627,Earl,Hunt,ehunthe@statcounter.com,Male,128286.51
628,Jason,Morales,jmoraleshf@twitpic.com,Male,77988.27
629,Craig,Richardson,crichardsonhg@senate.gov,Male,145080.87
630,Paul,Henderson,phendersonhh@etsy.com,Male,99942.18
631,Timothy,Gutierrez,tgutierrezhi@pen.io,Male,115603.45
632,Jessica,Hansen,jhansenhj@unblog.fr,Female,169855.83
633,Stephanie,Young,syounghk@liveinternet.ru,Female,172532.73
634,Paula,Ward,pwardhl@booking.com,Female,113027.28
635,Kathy,Burton,kburtonhm@engadget.com,Female,112147.04
636,Jonathan,Harris,jharrishn@live.com,Male,81760.49
637,Terry,Williams,twilliamsho@indiegogo.com,Male,107661.28
638,Linda,Woods,lwoodshp@answers.com,Female,62440.04
639,Stephanie,Greene,sgreenehq@spiegel.de,Female,105784.30
640,Carolyn,James,cjameshr@upenn.edu,Female,123246.93
641,Alice,Gray,agrayhs@pen.io,Female,101297.60
642,Russell,Cole,rcoleht@cargocollective.com,Male,64809.89
643,Jacqueline,Jordan,jjordanhu@unicef.org,Female,108473.01
644,Dennis,Gibson,dgibsonhv@cargocollective.com,Male,165895.32
645,Brenda,Romero,bromerohw@wikia.com,Female,147779.84
646,Judy,Elliott,jelliotthx@examiner.com,Female,88937.18
647,Steve,West,swesthy@newyorker.com,Male,147033.04
648,Joe,Romero,jromerohz@dagondesign.com,Male,172688.69
649,Anne,Larson,alarsoni0@va.gov,Female,173882.41
650,Victor,Bell,vbelli1@sun.com,Male,67599.21
651,Anthony,Stephens,astephensi2@europa.eu,Male,65472.01
652,Susan,Long,slongi3@independent.co.uk,Female,130842.63
653,Pamela,Perkins,pperkinsi4@privacy.gov.au,Female,132256.56
654,Irene,Smith,ismithi5@arizona.edu,Female,178200.95
655,Laura,King,lkingi6@latimes.com,Female,133902.93
656,Ruth,Welch,rwelchi7@seattletimes.com,Female,138078.37
657,Jennifer,Hanson,jhansoni8@geocities.com,Female,96501.84
658,Beverly,Howell,bhowelli9@thetimes.co.uk,Female,88870.86
659,Antonio,Daniels,adanielsia@exblog.jp,Male,173174.46
660,Norma,Palmer,npalmerib@wsj.com,Female,103003.67
661,Denise,Perkins,dperkinsic@ovh.net,Female,143847.35
662,Juan,Alexander,jalexanderid@mit.edu,Male,113240.98
663,Julia,Murphy,jmurphyie@artisteer.com,Female,89917.36
664,Jeffrey,Richards,jrichardsif@nps.gov,Male,167038.59
665,Gregory,Bishop,gbishopig@dagondesign.com,Male,135312.41
666,Roy,Moore,rmooreih@nyu.edu,Male,68866.90
667,Phyllis,Coleman,pcolemanii@flickr.com,Female,63601.81
668,Jack,Alvarez,jalvarezij@alexa.com,Male,80999.53
669,Irene,Miller,imillerik@toplist.cz,Female,121256.36
670,Ashley,Mills,amillsil@yellowpages.com,Female,135388.30
671,Betty,Day,bdayim@printfriendly.com,Female,119243.95
672,Mark,Ryan,mryanin@ucsd.edu,Male,62896.52
673,Jean,Sanders,jsandersio@bigcartel.com,Female,85089.81
674,Janice,Jackson,jjacksonip@adobe.com,Female,121420.93
675,Martin,Kennedy,mkennedyiq@globo.com,Male,173401.96
676,Susan,Castillo,scastilloir@pbs.org,Female,85462.76
677,Debra,Jones,djonesis@cisco.com,Female,80420.22
678,Douglas,Robinson,drobinsonit@nytimes.com,Male,63795.64
679,Donna,Tucker,dtuckeriu@dailymotion.com,Female,177139.66
680,Carl,Thomas,cthomasiv@icio.us,Male,82836.40
681,Steve,Morales,smoralesiw@elpais.com,Male,101703.15
682,Teresa,Ray,trayix@nydailynews.com,Female,65118.53
683,Lillian,Kennedy,lkennedyiy@cdbaby.com,Female,110336.37
684,Benjamin,Cruz,bcruziz@e-recht24.de,Male,93330.75
685,Thomas,Bishop,tbishopj0@google.co.jp,Male,173533.39
686,Teresa,Howard,thowardj1@theatlantic.com,Female,137312.66
687,Donald,Stephens,dstephensj2@ted.com,Male,171882.31
688,Aaron,Lee,aleej3@amazon.de,Male,82330.89
689,Anne,Jenkins,ajenkinsj4@spiegel.de,Female,158183.23
690,Rachel,Harrison,rharrisonj5@state.gov,Female,164367.79
691,Christina,Jacobs,cjacobsj6@ucoz.com,Female,108153.28
692,Willie,Mendoza,wmendozaj7@jimdo.com,Male,151056.06
693,Wayne,Lopez,wlopezj8@cbsnews.com,Male,72831.90
694,Frances,Rice,fricej9@newsvine.com,Female,112202.30
695,Samuel,Ford,sfordja@nps.gov,Male,81595.87
696,Ryan,Nelson,rnelsonjb@squidoo.com,Male,157171.26
697,Keith,King,kkingjc@plala.or.jp,Male,85608.96
698,David,Hernandez,dhernandezjd@indiegogo.com,Male,62466.06
699,Steve,Frazier,sfrazierje@usda.gov,Male,89092.04
700,Angela,Armstrong,aarmstrongjf@engadget.com,Female,158018.83
701,Carolyn,Johnston,cjohnstonjg@oracle.com,Female,66714.31
702,Phyllis,Ellis,pellisjh@is.gd,Female,134876.71
703,Virginia,Ramirez,vramirezji@netvibes.com,Female,83911.98
704,Carol,Spencer,cspencerjj@toplist.cz,Female,102507.11
705,Kathy,Mcdonald,kmcdonaldjk@businesswire.com,Female,116071.37
706,Sean,Alexander,salexanderjl@devhub.com,Male,136991.51
707,Shawn,Sullivan,ssullivanjm@prweb.com,Male,124947.12
708,Victor,Watson,vwatsonjn@ucla.edu,Male,156831.63
709,Elizabeth,Lee,eleejo@google.com.au,Female,144487.08
710,Ruth,Morales,rmoralesjp@nasa.gov,Female,111883.52
711,Julia,Dixon,jdixonjq@pcworld.com,Female,147298.79
712,Shawn,Cooper,scooperjr@skype.com,Male,120746.98
713,Joseph,Holmes,jholmesjs@livejournal.com,Male,174036.24
714,Angela,Harvey,aharveyjt@ning.com,Female,140755.65
715,Elizabeth,Hill,ehillju@google.ru,Female,158563.12
716,Dorothy,Clark,dclarkjv@cam.ac.uk,Female,174268.70
717,David,Meyer,dmeyerjw@shinystat.com,Male,125720.33
718,Phillip,White,pwhitejx@shop-pro.jp,Male,149426.53
719,Jason,Moore,jmoorejy@cdbaby.com,Male,62402.45
720,Katherine,Hunter,khunterjz@trellian.com,Female,163392.69
721,Clarence,Fernandez,cfernandezk0@amazonaws.com,Male,82049.56
722,Carolyn,Peterson,cpetersonk1@ning.com,Female,159544.30
723,Kimberly,Stewart,kstewartk2@google.com,Female,164864.39
724,Howard,Rogers,hrogersk3@gmpg.org,Male,97300.09
725,Adam,Gray,agrayk4@hc360.com,Male,61897.98
726,Susan,Wagner,swagnerk5@abc.net.au,Female,93496.09
727,Harold,Ortiz,hortizk6@blogspot.com,Male,112293.00
728,Mark,Burke,mburkek7@businesswire.com,Male,122064.37
729,Marie,Wells,mwellsk8@techcrunch.com,Female,126587.51
730,Angela,Watson,awatsonk9@cpanel.net,Female,67741.69
731,Juan,Day,jdayka@youtube.com,Male,158498.30
732,Jason,Berry,jberrykb@istockphoto.com,Male,119720.81
733,David,Nguyen,dnguyenkc@noaa.gov,Male,164954.25
734,Kimberly,Bell,kbellkd@360.cn,Female,69258.65
735,Brenda,Stewart,bstewartke@businessweek.com,Female,88860.28
736,Kathy,Larson,klarsonkf@state.gov,Female,95267.63
737,Walter,Perkins,wperkinskg@privacy.gov.au,Male,154290.21
738,Judith,Nguyen,jnguyenkh@narod.ru,Female,127056.38
739,Ruth,Sanders,rsanderski@reverbnation.com,Female,155959.60
740,Ernest,Lawrence,elawrencekj@altervista.org,Male,88234.63
741,Rebecca,Elliott,relliottkk@google.com.hk,Female,163732.30
742,Tina,Rice,tricekl@t-online.de,Female,80210.00
743,Nicholas,Moore,nmoorekm@amazon.com,Male,93411.33
744,Julie,Castillo,jcastillokn@columbia.edu,Female,95036.60
745,Carolyn,Myers,cmyersko@dedecms.com,Female,123595.00
746,Russell,Washington,rwashingtonkp@ftc.gov,Male,118658.05
747,Fred,Thomas,fthomaskq@g.co,Male,78735.88
748,Victor,Bryant,vbryantkr@walmart.com,Male,151790.29
749,Theresa,Green,tgreenks@who.int,Female,150617.26
750,Douglas,Perkins,dperkinskt@yahoo.co.jp,Male,121283.50
751,Lawrence,Reynolds,lreynoldsku@epa.gov,Male,79144.81
752,George,Simmons,gsimmonskv@un.org,Male,73585.34
753,Alan,Reed,areedkw@amazon.co.jp,Male,68049.60
754,Kathryn,Johnson,kjohnsonkx@imageshack.us,Female,67747.15
755,Susan,Richards,srichardsky@economist.com,Female,125664.19
756,James,Owens,jowenskz@reference.com,Male,130588.83
757,Ryan,Hernandez,rhernandezl0@constantcontact.com,Male,133522.73
758,Walter,Baker,wbakerl1@flickr.com,Male,62493.66
759,Douglas,Baker,dbakerl2@yale.edu,Male,78582.64
760,Rose,Welch,rwelchl3@unicef.org,Female,96455.79
761,Kelly,Ross,krossl4@google.com.au,Female,155911.77
762,Julia,Berry,jberryl5@admin.ch,Female,106326.17
763,Phillip,Hart,phartl6@nature.com,Male,150986.87
764,Paula,Hayes,phayesl7@sbwire.com,Female,146728.55
765,Anthony,Hart,ahartl8@google.ca,Male,69443.91
766,Kimberly,Gordon,kgordonl9@webmd.com,Female,115390.85
767,Donald,Wheeler,dwheelerla@netlog.com,Male,170045.88
768,Kevin,Gonzales,kgonzaleslb@joomla.org,Male,128378.92
769,James,Meyer,jmeyerlc@geocities.jp,Male,90393.19
770,Adam,Kennedy,akennedyld@zimbio.com,Male,156130.59
771,Ralph,Arnold,rarnoldle@guardian.co.uk,Male,122403.72
772,Daniel,Greene,dgreenelf@webnode.com,Male,109680.42
773,Rose,Moore,rmoorelg@live.com,Female,138577.05
774,Amy,Robinson,arobinsonlh@spiegel.de,Female,148035.24
775,Jean,Sims,jsimsli@tumblr.com,Female,64006.94
776,Bonnie,Reynolds,breynoldslj@mit.edu,Female,74314.17
777,Frank,Moreno,fmorenolk@godaddy.com,Male,74533.34
778,Diana,Johnston,djohnstonll@alibaba.com,Female,113613.25
779,Phillip,Kelley,pkelleylm@skype.com,Male,135055.81
780,Kevin,Rice,kriceln@who.int,Male,102124.53
781,Ann,Montgomery,amontgomerylo@mapy.cz,Female,102118.07
782,Bonnie,Cole,bcolelp@cisco.com,Female,177189.71
783,Ruby,Ramirez,rramirezlq@webnode.com,Female,82079.95
784,Julie,Robinson,jrobinsonlr@moonfruit.com,Female,97210.82
785,Martha,Ortiz,mortizls@desdev.cn,Female,82809.97
786,Philip,Harper,pharperlt@weibo.com,Male,86978.12
787,Beverly,Jordan,bjordanlu@nhs.uk,Female,61501.73
788,Kathleen,Carr,kcarrlv@ucsd.edu,Female,106187.95
789,Lois,Garza,lgarzalw@mapquest.com,Female,64843.52
790,Earl,Stephens,estephenslx@theguardian.com,Male,139333.91
791,Lawrence,Fisher,lfisherly@answers.com,Male,103899.49
792,Irene,Thompson,ithompsonlz@who.int,Female,116674.18
793,Roger,Hunter,rhunterm0@amazon.com,Male,142751.78
794,Jeffrey,Olson,jolsonm1@yelp.com,Male,134127.23
795,Ernest,Sanchez,esanchezm2@bluehost.com,Male,157509.04
796,Todd,Stone,tstonem3@networkadvertising.org,Male,116732.62
797,Kathy,Harvey,kharveym4@businesswire.com,Female,73487.61
798,Andrea,Austin,aaustinm5@nps.gov,Female,114763.88
799,Carol,Baker,cbakerm6@drupal.org,Female,142495.96
800,Dennis,Bishop,dbishopm7@yelp.com,Male,147510.85
801,John,Hill,jhillm8@ihg.com,Male,160139.17
802,Kathy,Cox,kcoxm9@unesco.org,Female,143086.65
803,Jacqueline,Mccoy,jmccoyma@nba.com,Female,114590.30
804,Carol,Franklin,cfranklinmb@vistaprint.com,Female,135626.03
805,Stephanie,Murphy,smurphymc@aol.com,Female,94052.40
806,Todd,Ramirez,tramirezmd@ftc.gov,Male,173548.82
807,Teresa,Nichols,tnicholsme@smugmug.com,Female,122011.14
808,Ruth,Henry,rhenrymf@apple.com,Female,126151.16
809,Steven,Austin,saustinmg@va.gov,Male,115417.48
810,Gary,Wagner,gwagnermh@google.com.hk,Male,123386.77
811,Annie,Jenkins,ajenkinsmi@twitpic.com,Female,159872.22
812,Katherine,George,kgeorgemj@pbs.org,Female,72736.57
813,Jessica,Dunn,jdunnmk@nymag.com,Female,91247.51
814,Eric,Bradley,ebradleyml@toplist.cz,Male,94772.60
815,Frank,Harper,fharpermm@engadget.com,Male,131367.89
816,Gloria,Watkins,gwatkinsmn@comsenz.com,Female,89552.84
817,Lori,Woods,lwoodsmo@i2i.jp,Female,71901.63
818,Patricia,Chapman,pchapmanmp@livejournal.com,Female,175588.43
819,Jeffrey,Cox,jcoxmq@jimdo.com,Male,121290.35
820,Angela,Dunn,adunnmr@wordpress.com,Female,135389.17
821,Joseph,Morales,jmoralesms@jugem.jp,Male,175145.52
822,Catherine,Simmons,csimmonsmt@ask.com,Female,72172.50
823,Jesse,Coleman,jcolemanmu@psu.edu,Male,109741.10
824,Earl,Arnold,earnoldmv@nsw.gov.au,Male,162396.31
825,Terry,Jackson,tjacksonmw@cisco.com,Male,139946.13
826,Christopher,Arnold,carnoldmx@bizjournals.com,Male,146186.14
827,Diana,Garrett,dgarrettmy@youku.com,Female,157874.10
828,Randy,Kelly,rkellymz@furl.net,Male,94980.53
829,Karen,Bradley,kbradleyn0@mozilla.org,Female,161625.44
830,Arthur,Baker,abakern1@multiply.com,Male,144457.06
831,Andrea,Mccoy,amccoyn2@squarespace.com,Female,161855.44
832,Harold,Mitchell,hmitchelln3@nature.com,Male,103967.72
833,Lois,Stephens,lstephensn4@adobe.com,Female,160242.94
834,Janet,Lewis,jlewisn5@xing.com,Female,131764.89
835,Judy,Franklin,jfranklinn6@epa.gov,Female,166410.02
836,Louis,Jones,ljonesn7@myspace.com,Male,104153.86
837,Tina,Scott,tscottn8@gov.uk,Female,147279.84
838,Martin,Jones,mjonesn9@gnu.org,Male,132532.31
839,Louis,Daniels,ldanielsna@yandex.ru,Male,99223.41
840,Kathy,Austin,kaustinnb@zdnet.com,Female,76957.67
841,Catherine,Torres,ctorresnc@addthis.com,Female,106937.62
842,Alan,Russell,arussellnd@1688.com,Male,66876.09
843,Andrew,Arnold,aarnoldne@businesswire.com,Male,93302.73
844,Nicholas,Moreno,nmorenonf@blogtalkradio.com,Male,93501.91
845,Samuel,Brown,sbrownng@diigo.com,Male,101269.22
846,Michael,Freeman,mfreemannh@abc.net.au,Male,86296.27
847,Judith,Matthews,jmatthewsni@wikipedia.org,Female,85559.50
848,Deborah,Pierce,dpiercenj@nsw.gov.au,Female,79495.44
849,Kathryn,Russell,krussellnk@nba.com,Female,120617.76
850,William,Burton,wburtonnl@miibeian.gov.cn,Male,166305.56
851,Sean,Little,slittlenm@liveinternet.ru,Male,115909.86
852,Annie,Lopez,alopeznn@toplist.cz,Female,174913.12
853,Kathy,Bennett,kbennettno@hao123.com,Female,173615.85
854,Christina,Boyd,cboydnp@jiathis.com,Female,116773.40
855,Larry,Sanchez,lsancheznq@disqus.com,Male,161785.47
856,Henry,Torres,htorresnr@people.com.cn,Male,80558.56
857,Samuel,Hudson,shudsonns@multiply.com,Male,169174.80
858,Russell,Thomas,rthomasnt@oracle.com,Male,119824.02
859,Shirley,Coleman,scolemannu@meetup.com,Female,73729.37
860,Fred,Rivera,friveranv@ted.com,Male,85756.85
861,Jeffrey,Watson,jwatsonnw@yelp.com,Male,126782.78
862,Angela,Stephens,astephensnx@economist.com,Female,98255.71
863,Gloria,Frazier,gfrazierny@ed.gov,Female,106564.25
864,Joshua,Moreno,jmorenonz@deliciousdays.com,Male,89075.53
865,Charles,Armstrong,carmstrongo0@upenn.edu,Male,134335.07
866,Annie,Hayes,ahayeso1@gov.uk,Female,71850.88
867,Joe,Kelley,jkelleyo2@facebook.com,Male,138467.77
868,Justin,Wheeler,jwheelero3@hexun.com,Male,67231.55
869,Craig,Morales,cmoraleso4@seattletimes.com,Male,136417.29
870,Gloria,Sims,gsimso5@samsung.com,Female,60671.83
871,Jonathan,Hughes,jhugheso6@dion.ne.jp,Male,115012.86
872,Wanda,Campbell,wcampbello7@canalblog.com,Female,136703.10
873,Elizabeth,Shaw,eshawo8@moonfruit.com,Female,157558.17
874,Daniel,Armstrong,darmstrongo9@spotify.com,Male,128397.51
875,Daniel,Adams,dadamsoa@ask.com,Male,91985.63
876,Gregory,Dixon,gdixonob@intel.com,Male,161983.31
877,Irene,Lee,ileeoc@paginegialle.it,Female,147816.22
878,Nicole,Porter,nporterod@ibm.com,Female,81209.01
879,Heather,Gordon,hgordonoe@china.com.cn,Female,110120.09
880,Deborah,Ramos,dramosof@yahoo.co.jp,Female,111899.03
881,Alice,Fields,afieldsog@blogger.com,Female,84506.66
882,Howard,Carter,hcarteroh@sun.com,Male,152006.15
883,Michael,Peterson,mpetersonoi@cmu.edu,Male,123253.02
884,Jack,Arnold,jarnoldoj@over-blog.com,Male,154820.73
885,Gary,Dean,gdeanok@etsy.com,Male,135305.66
886,Edward,Bell,ebellol@pcworld.com,Male,177480.10
887,Patrick,Gilbert,pgilbertom@spotify.com,Male,67617.56
888,Wayne,Murray,wmurrayon@edublogs.org,Male,72414.34
889,Charles,Hernandez,chernandezoo@imgur.com,Male,96364.11
890,Peter,Wells,pwellsop@umich.edu,Male,78264.20
891,Rose,Ferguson,rfergusonoq@mail.ru,Female,175172.81
892,Christina,Frazier,cfrazieror@imgur.com,Female,108333.55
893,Joseph,Ramos,jramosos@answers.com,Male,83147.26
894,Andrea,Washington,awashingtonot@theguardian.com,Female,137319.85
895,Richard,Richards,rrichardsou@lycos.com,Male,63449.59
896,Billy,Wagner,bwagnerov@netvibes.com,Male,60544.18
897,Jennifer,Castillo,jcastilloow@mayoclinic.com,Female,156417.20
898,Bonnie,Ford,bfordox@goodreads.com,Female,113729.84
899,Elizabeth,Richards,erichardsoy@fda.gov,Female,140405.17
900,Randy,Flores,rfloresoz@weibo.com,Male,96818.17
901,Michelle,Robinson,mrobinsonp0@mediafire.com,Female,153637.02
902,Jesse,Evans,jevansp1@prweb.com,Male,177364.54
903,Lisa,Murphy,lmurphyp2@last.fm,Female,156755.45
904,Julie,Ray,jrayp3@nationalgeographic.com,Female,129158.04
905,Steven,Morales,smoralesp4@va.gov,Male,112846.81
906,Diana,Allen,dallenp5@skyrock.com,Female,121558.00
907,Diane,Edwards,dedwardsp6@sciencedaily.com,Female,72612.46
908,Tammy,Griffin,tgriffinp7@imageshack.us,Female,120463.66
909,Rose,Hayes,rhayesp8@who.int,Female,132160.05
910,Ashley,Greene,agreenep9@patch.com,Female,62685.10
911,Teresa,Lee,tleepa@hhs.gov,Female,92726.75
912,Katherine,Martinez,kmartinezpb@wikia.com,Female,138701.49
913,Joe,Adams,jadamspc@bizjournals.com,Male,134909.45
914,Robert,Mccoy,rmccoypd@cmu.edu,Male,101907.21
915,Ashley,Hughes,ahughespe@yahoo.co.jp,Female,83337.58
916,Janice,Barnes,jbarnespf@state.gov,Female,148819.37
917,Rebecca,Fernandez,rfernandezpg@woothemes.com,Female,96813.94
918,Donna,Chapman,dchapmanph@linkedin.com,Female,164161.81
919,Nancy,Kelley,nkelleypi@booking.com,Female,177189.97
920,Ruby,Hudson,rhudsonpj@techcrunch.com,Female,98308.98
921,Terry,Long,tlongpk@opera.com,Male,90155.73
922,Henry,Oliver,holiverpl@uol.com.br,Male,78779.88
923,Jack,Peters,jpeterspm@1und1.de,Male,151090.84
924,Gary,Chavez,gchavezpn@cbsnews.com,Male,140677.17
925,Cheryl,Johnston,cjohnstonpo@csmonitor.com,Female,148224.69
926,Norma,Stevens,nstevenspp@sun.com,Female,170135.63
927,Louise,Montgomery,lmontgomerypq@cmu.edu,Female,133922.69
928,Nancy,Fuller,nfullerpr@privacy.gov.au,Female,129043.71
929,Carol,Hawkins,chawkinsps@mapy.cz,Female,164324.28
930,Lawrence,Howell,lhowellpt@eepurl.com,Male,62524.45
931,Eugene,Ward,ewardpu@fda.gov,Male,117721.31
932,Willie,Reid,wreidpv@ow.ly,Male,71003.07
933,Doris,Bailey,dbaileypw@woothemes.com,Female,130298.79
934,Steve,Bowman,sbowmanpx@wsj.com,Male,76040.99
935,Aaron,Walker,awalkerpy@weebly.com,Male,90529.99
936,Charles,Holmes,cholmespz@ning.com,Male,125783.22
937,Nicholas,Torres,ntorresq0@csmonitor.com,Male,83842.71
938,Johnny,Tucker,jtuckerq1@bbc.co.uk,Male,99088.35
939,Harry,Marshall,hmarshallq2@fda.gov,Male,90748.93
940,Roger,Gibson,rgibsonq3@dedecms.com,Male,129794.55
941,Beverly,Nelson,bnelsonq4@miibeian.gov.cn,Female,92106.53
942,Carl,James,cjamesq5@washington.edu,Male,178434.25
943,Judy,Taylor,jtaylorq6@gravatar.com,Female,141087.70
944,Nancy,Bishop,nbishopq7@un.org,Female,167742.04
945,Tammy,Bradley,tbradleyq8@slate.com,Female,175008.08
946,Janet,Gardner,jgardnerq9@joomla.org,Female,168369.95
947,Edward,Boyd,eboydqa@blogger.com,Male,73941.35
948,Phillip,Ray,prayqb@uol.com.br,Male,138072.72
949,Jennifer,Ferguson,jfergusonqc@wufoo.com,Female,154398.36
950,Martin,Owens,mowensqd@addtoany.com,Male,77752.16
951,Nicholas,Cole,ncoleqe@studiopress.com,Male,66699.26
952,Cheryl,Cunningham,ccunninghamqf@cbc.ca,Female,64737.24
953,Sean,Flores,sfloresqg@cdbaby.com,Male,158469.29
954,Jean,Black,jblackqh@typepad.com,Female,107381.25
955,Lawrence,Hayes,lhayesqi@lycos.com,Male,71833.05
956,Gerald,Wells,gwellsqj@princeton.edu,Male,76966.24
957,Tina,Gonzales,tgonzalesqk@soup.io,Female,165044.71
958,Melissa,Andrews,mandrewsql@usda.gov,Female,108683.16
959,Gary,Morales,gmoralesqm@techcrunch.com,Male,60319.91
960,Fred,Palmer,fpalmerqn@fastcompany.com,Male,86699.00
961,Patricia,Shaw,pshawqo@zimbio.com,Female,131001.29
962,George,Wilson,gwilsonqp@webeden.co.uk,Male,175324.39
963,Wanda,Gordon,wgordonqq@goo.ne.jp,Female,82942.40
964,Laura,Ward,lwardqr@google.com,Female,94210.89
965,Justin,Ramirez,jramirezqs@netvibes.com,Male,122134.15
966,Nicole,Daniels,ndanielsqt@howstuffworks.com,Female,81508.38
967,Roger,Burns,rburnsqu@intel.com,Male,74766.26
968,Jennifer,Pierce,jpierceqv@boston.com,Female,131146.99
969,Sandra,Collins,scollinsqw@shutterfly.com,Female,117369.39
970,Teresa,Gonzalez,tgonzalezqx@1und1.de,Female,156606.16
971,Joe,Perry,jperryqy@tmall.com,Male,104426.13
972,Todd,Welch,twelchqz@unblog.fr,Male,163517.12
973,Sandra,Stevens,sstevensr0@joomla.org,Female,72674.25
974,Kelly,Freeman,kfreemanr1@answers.com,Female,126427.04
975,Ruth,Richards,rrichardsr2@eventbrite.com,Female,78975.70
976,Russell,Gilbert,rgilbertr3@umn.edu,Male,66797.62
977,Joe,Fisher,jfisherr4@furl.net,Male,170394.14
978,Walter,Gonzalez,wgonzalezr5@virginia.edu,Male,125198.06
979,Carlos,Wallace,cwallacer6@tripadvisor.com,Male,80016.91
980,Todd,Garrett,tgarrettr7@timesonline.co.uk,Male,61499.08
981,Louis,Robinson,lrobinsonr8@vk.com,Male,93105.75
982,Debra,Sullivan,dsullivanr9@businesswire.com,Female,93637.46
983,Chris,Ferguson,cfergusonra@unblog.fr,Male,69989.21
984,Tina,Lawson,tlawsonrb@parallels.com,Female,111317.11
985,Eric,Cooper,ecooperrc@miitbeian.gov.cn,Male,117063.34
986,Heather,Parker,hparkerrd@prlog.org,Female,77441.59
987,Denise,Morgan,dmorganre@vk.com,Female,150267.31
988,Ruby,Jordan,rjordanrf@netscape.com,Female,151270.61
989,Lois,Reed,lreedrg@moonfruit.com,Female,136101.47
990,Jack,Flores,jfloresrh@dot.gov,Male,148899.86
991,Philip,Garza,pgarzari@sakura.ne.jp,Male,158617.32
992,Nicholas,Hawkins,nhawkinsrj@sohu.com,Male,126805.88
993,Ruby,Gibson,rgibsonrk@bloglines.com,Female,62146.34
994,Jacqueline,Coleman,jcolemanrl@disqus.com,Female,107364.87
995,Katherine,Evans,kevansrm@dailymail.co.uk,Female,140261.01
996,Joseph,Wells,jwellsrn@hostgator.com,Male,68494.27
997,Stephen,Gomez,sgomezro@wordpress.org,Male,60277.21
998,Edward,Morgan,emorganrp@goo.ne.jp,Male,117795.46
999,Willie,Crawford,wcrawfordrq@sbwire.com,Male,78661.20
1000,Carlos,Burke,cburkerr@yahoo.com,Male,132344.70
